161,133,559,236,276,366,166,68,422,238,324,648,243,489,41,13,264,628,31,107,521,385,227,229,80,346,691,645,462,55,187,207,449,461,627,538,501,720,265,316,638,102,305,358,440,106,297,681,582,533,600,626,151,437,597,112,394,591,544,202,234,210,287,125,99,722,386,518,294,696,216,286,138,560,339,384,365,254,595,718,405,421,165,330,360,291,552,510,738,203,587,184,144,546,217,174,675,411,157,116,4,88,256,250,410,740,290,2,603,231,509,9,633,311,641,682,308,93,306,354,357,504,640,343,665,136,167,19,197,649,431,588,476,274,261,710,84,182,523,505,503,333,331,162,593,432,132,583,28,609,456,54,327,407,488,695,130,342,58,608,571,693,127,298,344,396,251,564,169,438,104,220,512,71,643,574,85,209,349,508,109,81,515,674,383,680,292,38,364,416,684,586,530,351,540,226,253,176,12,310,189,361,323,454,495,653,426,686,607,436,120,485,457,575,719,735,388,208,126,27,186,721,712,563,478,22,257,338,539,698,371,347,145,352,48,66,34,252,46,373,115,464,118,683,535,263,584,404,711,601,615,170,610,110,283,381,98,255,149,611,408,524,447,474,561,183,90,417,678,632,299,428,466,359,29,97,669,8,380,709,30,271,723,95,554,196,281,317,687,37,625,635,517,195,273,441,511,249,171,741
541,753,390,347,794,45,305,74,748,677,659,683,626,476,789,633,698,638,328,796,302,263,743,637,99,482,485,724,609,761,90,157,670,757,205,115,289,318,25,443,295,211,180,316,228,765,660,568,134,98,734,324,678,462,610,417,740,313,315,783,76,175,85,751,42,715,47,591,450,307,201,515,239,657,468,218,187,784,393,544,477,10,15,100,473,65,630,113,582,87,429,449,373,662,366,706,756,767,174,298,684,453,341,261,474,415,349,442,478,199,536,624,459,589,555,766,780,764,428,62,193,475,126,337,75,650,214,185,732,777,719,236,483,424,409,314,61,303,83,143,385,333,208,759,144,695,621,615,522,704,300,553,288,101,258,728,212,635,567,625,519,526,512,501,3,269,803,181,184,668,687,503,127,470,216,53,653,599,140,435,13,721,749,570,265,663,395,509,383,159,605,259,284,92,798,434,545,807,301,2,713,377,362,617,709,496,198,775,779,745,105,426,252,440,574,431,293,572,243,122,694,391,116,738,755,664,237,400,514,465,334,173,106,18,364,342,685,279,642,108,716,378,506,776,607,164,109,135,463,230,343,397,363,274,233,220,278,120,439,9,229,306,253,196,612,355,69,86,597,225,178,697,655,723,762,93,414,11,520,171,720,226,232,172,460,402,747,123,486,479,381,714,372,524,330,267,396,711,256,141
147,604,203,687,24,262,729,347,895,777,574,767,174,496,49,569,787,233,714,766,510,764,858,332,651,557,701,586,13,191,665,635,41,338,757,84,434,871,387,137,596,323,599,393,270,276,245,95,533,834,722,703,368,173,675,17,31,416,528,746,380,412,8,350,627,523,213,47,612,672,153,58,461,317,790,273,773,165,42,573,303,415,340,383,893,439,874,381,240,251,628,602,693,399,216,227,817,172,201,242,789,471,313,186,231,487,75,896,780,34,892,571,78,354,815,264,145,378,161,370,200,396,207,118,563,475,35,656,253,156,329,392,885,804,794,114,188,219,739,726,592,142,783,55,453,738,473,212,85,799,341,545,426,9,720,4,82,486,591,647,527,623,91,711,572,740,302,706,73,616,881,603,840,131,455,519,187,836,449,271,684,718,6,805,93,613,290,517,581,522,214,36,339,250,369,326,158,750,529,106,857,530,867,239,682,437,136,272,782,70,178,438,386,536,94,605,76,570,81,128,835,743,875,345,18,452,482,889,56,560,336,315,850,524,281,788,139,810,532,291,241,125,108,585,890,83,793,51,296,838,23,440,884,831,89,842,727,99,57,671,143,631,809,102,587,304,645,353,37,374,620,498,694,298,401,469,724,335,327,490,126,491,445,829,331,812,484,847,622,428,385,322,798,185,275,48,502,732,752,803
14,262,219,643,492,438,173,66,175,259,716,304,403,55,348,131,533,745,221,616,225,11,367,56,151,123,523,338,417,583,430,642,480,293,207,742,567,528,375,690,741,483,733,44,314,127,637,702,392,138,222,489,267,268,766,423,479,316,132,686,665,155,353,294,285,420,601,166,629,545,154,707,147,490,433,598,602,634,539,199,740,553,327,572,719,431,319,194,722,214,355,714,71,582,748,352,750,231,412,666,117,57,458,242,584,659,499,486,40,655,509,451,88,457,476,447,673,413,477,455,711,755,625,261,658,662,387,184,408,344,757,92,198,688,339,374,482,296,30,705,617,606,139,542,566,467,159,161,507,647,767,148,657,612,105,368,167,158,281,407,378,759,188,302,321,126,751,560,228,672,350,65,38,442,549,280,218,503,385,163,140,644,389,328,600,487,703,429,23,453,223,191,610,201,67,145,238,404,622,609,518,282,639,251,119,575,326,83,727,422,236,240,209,527,28,488,551,754,190,630,78,624,679,256,684,42,471,61,730,536,531,54,341,720,33,524,334,494,382,80,101,74,64,308,462,671,728,604,681,473,26,307,36,356,587,675,27,723,99,731,511,399,700,749,611,343,739,335,452,133,613,59,589,384,230,466,37,340,638,579,654,562,141,543,414,715,520,315,411,120,599,641,125,709,448,336,354,124,491,605
1090,1052,389,768,674,1059,372,77,1092,286,780,580,150,456,65,402,24,927,621,358,1086,1058,628,173,622,118,942,297,284,249,111,148,986,603,1034,915,823,931,72,344,217,244,803,784,811,850,616,370,39,623,557,271,78,593,759,519,424,698,897,654,993,1015,91,1079,1080,1003,481,25,964,916,1039,349,156,387,1025,645,587,478,1072,80,553,420,671,685,497,697,652,707,458,457,219,396,212,92,438,845,800,509,646,810,307,981,348,89,43,1032,1077,433,596,450,59,241,903,469,863,846,617,860,962,1094,571,858,432,247,255,659,30,701,589,666,856,1040,268,570,542,1041,615,817,419,630,109,13,901,399,339,362,343,999,838,569,200,53,871,919,1065,949,366,465,193,410,664,165,633,449,520,710,75,943,1089,454,963,231,375,135,82,326,177,222,848,388,941,359,926,842,974,1074,369,538,52,15,802,822,394,517,742,1001,879,556,801,535,320,138,6,892,327,405,482,47,182,866,835,251,736,54,806,1068,925,409,994,403,590,907,741,180,41,472,1007,904,876,584,1027,996,946,390,1055,572,101,562,1073,657,868,166,203,1022,874,86,299,506,960,398,977,225,705,301,779,139,722,881,878,1082,36,694,425,786,204,539,1091,303,649,473,885,33,376,1012,179,306,772,1028,502,155,859,215,524,1093,61,190,368,321,549,353,661,8,505,221,559,717,787,143,488,726
375,1005,852,721,845,785,788,590,177,606,122,381,344,1044,227,390,979,482,672,456,536,79,1021,610,998,1093,995,807,786,642,255,469,1096,513,421,577,267,193,911,1041,372,739,34,174,142,141,86,704,696,196,366,492,439,647,773,311,1075,377,881,478,771,981,573,914,969,330,795,497,333,657,294,510,700,67,777,167,812,337,838,121,635,476,888,658,984,153,70,1011,957,543,681,708,487,357,237,982,1058,839,703,650,997,145,894,576,93,667,115,909,874,731,968,932,464,644,561,948,802,20,178,277,1002,473,430,52,972,512,317,111,496,810,240,44,33,896,1059,828,841,415,747,1050,517,716,980,796,946,994,386,718,211,690,323,988,935,766,29,797,322,251,872,128,809,362,1081,733,834,557,1072,288,742,882,48,135,933,483,403,73,179,583,458,314,528,60,947,118,629,929,57,171,51,161,202,850,689,1034,290,400,130,1019,562,404,445,460,726,640,1038,857,604,302,663,1035,967,628,1048,902,446,349,204,719,951,709,938,41,574,818,146,511,617,472,147,893,1073,491,46,384,918,585,150,555,934,474,84,450,634,250,1053,58,789,448,382,601,37,1039,501,127,779,104,25,98,309,623,364,544,880,665,286,986,862,993,165,945,680,271,252,38,391,247,1055,643,412,597,508,300,423,600,854,941,494,399,1010,612,867,971,219,615,714,452,157,534,865,897
8,633,768,253,160,59,198,245,832,731,259,750,192,577,781,204,623,571,79,292,560,584,252,748,801,225,721,178,611,521,86,119,764,313,345,704,505,773,186,723,523,403,420,669,507,787,332,808,136,467,581,216,93,390,231,474,266,790,539,472,434,834,455,101,470,22,570,805,518,19,589,728,822,535,483,297,113,677,423,279,324,591,510,464,176,459,619,130,32,742,330,556,408,671,800,649,541,759,431,646,798,609,282,596,478,261,281,673,251,15,529,271,304,140,690,356,1,780,650,824,544,597,367,440,55,743,52,598,444,714,497,809,698,473,315,24,603,303,624,62,641,515,503,695,166,368,341,194,344,308,562,210,700,482,438,622,181,170,769,735,98,803,179,92,269,415,495,585,29,267,360,428,139,615,228,132,353,260,823,44,379,417,351,327,749,578,373,74,340,26,126,151,563,199,565,733,799,370,694,23,756,288,195,71,384,514,109,165,229,613,380,553,766,414,794,249,73,272,772,131,169,96,2,575,348,402,617,147,406,435,519,612,413,643,258,761,543,338,487,311,652,557,758,67,466,157,277,626,143,479,499,688,676,21,33,335,765,150,365,498,69,776,112,196,789,724,586,602,475,16,674,25,328,592,696,401,46,374,659,118,397,421,738,219,294,555,236,816,309,361,712,607,797,161,697,416,752,17,655,111
375,320,311,424,53,56,278,389,169,469,463,61,81,253,205,379,154,49,133,143,490,472,400,155,495,491,321,488,127,475,382,444,29,31,345,414,104,436,225,355,275,333,249,298,41,391,202,289,336,163,206,14,109,374,121,480,147,255,494,94,266,98,445,213,224,107,447,83,385,364,342,363,418,89,294,257,448,51,306,419,212,270,231,263,71,97,10,410,82,234,48,387,166,26,106,237,178,487,134,219,214,251,315,171,22,483,467,91,125,356,291,62,300,189,304,220,260,66,18,96,303,343,35,39,269,211,57,326,138,84,413,207,290,276,338,477,132,199,284,59,58,405,441,412,265,362,150,440,33,99,280,72,8,102,309,456,361,281,348,198,350,128,86,267,160,67,330,319,69,123,158,292,200,122,140,380,398,185,203,457,186,431,216,221,331,204,301,314,346,261,461,381,473,4,403,74,43,223,40,256,159,329,25,247,367,191,246,438,347,142,183,339,38,373,316,222,180,254,23,433,297,407,233,302,325,162,16,369,366,432,54,210,112,52,241,108,411,1,64,68,229,243,493,288,406,468,332,462,312,335,349,377,318,443,17,334,393,296,305,395,358,193,479,430,236,218,455,176,408,6,425,351,390,63,148,19,73,328,196,372,322,79,401,188,115,426,396,317,240,113,271,250,478,194,151,3,85,429,46,170
290,117,236,204,51,77,241,119,275,272,257,305,106,141,52,240,216,42,114,213,105,267,218,313,158,78,247,149,170,286,125,215,166,281,304,8,249,47,67,45,221,62,90,28,133,150,163,188,124,178,292,310,296,277,176,83,142,195,7,136,187,41,246,250,58,39,209,288,49,155,96,153,309,191,73,71,152,214,285,88,169,239,245,242,100,255,167,265,165,297,162,87,16,208,74,60,11,291,269,128,260,82,111,220,283,92,168,273,307,43,294,202,244,13,21,185,207,225,75,230,235,139,23,68,54,33,262,44,17,38,131,81,61,109,301,174,26,229,126,198,123,86,64,146,238,261,122,127,279,201,18,200,276,184,118,228,308,50,3,197,143,37,79,30,129,140,4,22,2,298,69,193,295,254,147,53,89,63,233,252,300,217,156,66,135,223,270,35,137,287,161,101,293,151,97,99,237,85,210,65,104,157,211,186,102,121,120,194,56,299,205,76,231,112,226,84,27,55,113,284,183,248,1,196,232,203,227,253,177,251,312,57,14,164,274,138,282,219,278,259,243,175,171,303,264,222,107,148,130,234,182,144,199,95,160,172,91,266,46,98,108,212,32,302,72,192,5,134,145,179,48,20,190,154,34,306,31,19,80,116,271,289,173,224,36,25,206,9,29,189,115,103,6,110,258,159,10,70,40,311
217,236,24,116,408,270,533,151,482,354,80,70,32,163,44,199,593,443,366,558,222,549,210,16,159,598,335,209,336,103,458,451,34,253,280,165,596,203,578,498,25,390,243,299,87,385,464,257,267,294,249,290,517,158,93,376,515,201,174,219,320,234,463,1,503,155,63,450,94,456,38,161,583,246,17,425,157,432,91,166,381,273,252,442,410,84,588,307,81,131,369,348,5,110,204,291,452,29,11,447,388,104,242,481,395,363,347,343,274,489,59,146,597,187,177,365,469,92,259,188,534,430,511,459,194,301,539,10,418,115,325,334,96,198,36,412,587,240,351,573,356,129,271,260,286,493,173,275,300,353,362,405,85,79,241,109,261,555,540,455,374,197,480,359,579,3,523,230,379,195,105,322,314,138,364,62,448,338,499,535,76,247,61,196,33,584,484,546,112,422,491,49,538,136,88,514,433,545,476,122,419,397,121,237,525,287,569,22,557,496,441,56,156,180,445,562,473,55,248,179,389,39,449,568,164,420,276,212,344,427,400,111,102,474,281,65,205,40,355,585,285,132,589,172,218,18,352,23,211,547,316,238,31,133,488,519,312,341,47,200,41,504,4,590,513,52,551,571,53,409,255,349,372,206,330,120,139,86,561,101,495,416,453,516,380,90,250,406,370,124,394,402,147,202,556,371,293,64,48,244
293,297,151,32,139,28,319,48,54,107,72,138,190,265,91,43,105,260,223,123,140,137,7,262,273,266,111,283,71,240,76,231,303,77,276,161,158,192,234,116,15,150,25,203,184,172,162,84,264,207,155,280,218,287,201,289,86,39,252,59,282,50,126,222,318,147,191,291,304,235,110,132,317,112,88,232,145,94,75,70,233,144,106,320,35,196,95,205,200,206,130,133,101,294,277,164,113,302,14,157,68,268,96,97,216,24,288,217,78,256,241,11,47,74,81,22,310,153,5,295,225,109,63,83,122,279,148,49,270,255,194,173,62,92,169,131,254,239,185,267,102,314,213,243,120,212,306,228,58,187,46,269,257,141,160,250,198,80,82,100,6,197,221,226,311,292,103,79,19,51,67,305,33,261,271,128,214,10,146,26,12,156,174,89,309,27,183,117,286,313,85,180,208,199,134,247,108,121,1,17,316,285,168,99,38,37,143,40,3,175,159,300,64,167,308,220,182,263,296,215,136,272,227,171,45,115,229,166,56,119,245,301,152,125,237,73,61,34,16,93,65,188,66,195,258,142,251,154,149,30,274,55,236,312,114,299,4,248,104,249,170,259,129,13,298,127,52,9,210,181,224,176,163,21,253,242,238,2,178,53,18,189,307,244,186,211,165,29,57,44,41,275,219,193,23,230,315,202,204,87
567,374,464,862,253,220,99,475,795,904,324,339,675,784,239,427,320,366,307,901,560,887,494,344,482,156,207,292,194,470,698,348,270,364,704,444,802,706,732,586,667,888,268,376,781,571,841,450,26,506,328,766,701,830,86,900,349,23,839,578,774,851,287,838,411,480,606,604,97,864,58,547,878,705,825,442,161,803,903,619,834,169,696,614,352,445,145,582,49,261,742,413,55,130,430,693,740,653,436,523,532,725,601,394,119,646,765,613,720,559,808,42,141,556,250,277,388,745,252,530,152,552,83,775,844,299,548,215,730,874,262,546,596,329,669,712,228,113,824,831,484,809,185,424,341,164,6,371,302,64,180,621,165,8,41,459,316,433,172,660,297,385,575,466,358,524,603,4,103,128,355,294,40,661,243,295,507,492,101,751,865,235,407,310,481,508,281,690,274,391,895,462,343,624,531,858,709,893,370,249,386,115,489,379,499,13,512,74,311,116,222,759,189,476,632,735,87,514,361,697,155,714,244,151,623,645,11,467,136,665,162,897,346,308,778,367,608,62,142,166,570,534,503,485,202,59,271,592,518,213,280,811,251,639,761,177,306,61,441,204,674,264,833,715,214,792,25,786,197,899,880,335,265,768,607,318,405,431,763,877,223,224,123,717,437,105,609,779,246,425,683,691,63,375,483,594,620,664,643,753
824,756,780,419,602,460,653,251,140,710,232,486,732,177,600,804,614,1,235,610,212,587,843,275,372,873,133,408,108,202,138,621,205,522,570,724,5,253,187,569,742,264,652,456,809,176,240,738,828,440,728,496,511,382,639,529,123,302,766,462,707,857,636,576,842,504,806,820,684,823,49,647,19,826,676,78,597,46,794,115,28,196,701,86,89,241,771,725,346,223,617,239,366,222,291,57,509,26,786,638,249,129,563,144,598,195,23,168,497,778,695,270,169,722,79,538,429,583,298,830,188,798,406,718,612,259,717,562,735,412,389,321,180,685,271,325,4,283,754,91,203,377,415,818,399,126,463,50,790,637,821,668,613,3,586,779,468,332,867,628,102,578,160,819,450,745,656,43,816,472,342,154,337,70,167,516,542,616,469,646,434,80,355,181,669,792,135,106,155,758,432,455,83,765,581,797,320,261,584,702,236,292,276,744,743,171,66,369,737,543,262,295,734,148,32,838,72,550,213,681,139,378,772,458,499,567,480,38,556,190,105,96,706,211,677,703,466,611,120,367,776,368,447,216,782,231,749,506,437,146,750,698,30,294,286,64,438,549,665,111,863,673,318,307,358,191,13,640,475,375,370,161,220,65,165,417,301,775,439,448,760,661,278,527,116,296,691,471,101,33,844,121,200,620,435,491,716,344,757,226
417,159,322,545,216,461,428,85,553,249,671,469,130,525,366,237,655,35,579,615,222,431,138,352,165,578,10,370,391,194,61,607,333,360,129,584,540,172,3,125,58,15,509,121,542,599,299,399,284,356,371,40,4,652,666,639,630,75,361,368,516,156,649,91,169,560,404,217,287,174,479,198,234,535,70,2,422,676,173,670,522,526,533,625,250,128,499,238,534,429,78,79,493,463,641,232,572,587,96,90,30,566,405,419,594,470,126,307,185,621,460,56,350,171,484,680,164,423,251,69,289,93,81,612,642,183,261,256,242,31,312,442,86,117,243,606,22,254,364,673,180,476,178,137,473,213,337,266,281,21,375,547,155,450,539,616,258,508,224,548,74,182,647,88,389,133,575,205,200,677,36,17,563,380,317,39,282,485,77,474,231,620,536,624,648,110,149,486,288,678,530,586,33,301,294,462,549,204,122,510,637,154,298,45,48,220,410,313,197,146,235,626,512,520,636,68,396,552,398,316,589,496,596,501,351,332,76,111,657,631,190,97,574,614,603,339,465,71,95,105,218,466,303,342,212,467,502,602,223,175,527,87,330,519,421,487,452,478,640,610,347,514,326,329,32,446,239,113,304,247,72,408,521,409,43,569,355,12,142,658,541,118,481,441,92,163,458,6,9,264,573,186,28,627,632,63,52,196,241,661
165,275,301,122,234,105,13,38,70,24,179,171,255,12,53,260,116,49,265,258,198,67,149,97,184,268,194,120,296,58,15,162,73,54,267,110,253,282,79,107,216,71,183,209,147,7,22,279,14,239,178,295,48,90,46,311,161,35,304,114,257,1,202,32,281,223,278,99,235,273,190,291,167,310,177,195,43,240,89,119,132,256,314,294,288,174,78,139,189,37,25,125,44,51,266,241,211,248,224,157,164,231,8,86,298,307,33,100,191,259,68,269,302,84,36,142,23,109,290,102,217,20,146,193,262,199,92,317,76,168,104,313,238,128,251,56,39,111,85,274,214,225,5,207,87,11,98,318,61,263,284,64,118,237,88,34,181,115,47,293,26,62,145,201,303,196,218,135,280,55,242,287,10,72,133,66,65,170,182,77,276,160,252,250,172,153,154,74,40,140,222,124,316,215,155,96,113,236,277,18,244,9,192,108,261,130,197,75,254,289,271,300,16,50,106,91,93,31,166,80,229,2,176,29,30,131,227,57,285,292,81,283,230,17,150,41,272,245,156,315,63,82,212,127,126,129,103,101,186,141,305,136,19,117,286,152,220,148,204,137,21,312,173,228,299,200,246,270,158,221,83,42,247,59,205,203,232,219,208,112,163,144,27,306,188,134,309,210,264,169,60,297,52,159,308,233,123,3,28,4
509,620,519,311,334,235,657,208,272,167,533,387,178,532,380,570,245,130,23,452,405,362,222,525,513,71,161,213,630,438,34,60,606,332,586,420,507,78,576,119,237,152,479,221,238,374,141,298,142,348,230,537,407,614,491,428,553,653,654,129,187,80,66,64,156,116,33,510,598,409,110,368,14,482,560,206,304,7,266,247,20,11,660,515,492,477,543,541,268,523,281,73,158,385,579,131,173,564,656,212,430,293,218,49,278,366,548,114,384,177,393,160,124,370,217,172,349,558,219,562,338,302,145,164,645,345,127,637,290,484,193,635,536,585,313,531,529,446,275,38,165,24,74,82,279,132,79,383,632,211,83,556,190,329,303,397,53,174,367,159,528,285,411,615,458,415,32,251,120,243,92,77,265,593,587,475,427,270,607,199,652,225,352,489,184,260,622,233,31,343,204,545,390,205,185,291,346,149,580,166,99,426,312,372,514,662,561,600,45,563,310,499,651,518,506,327,9,239,309,566,408,288,15,636,140,195,516,42,351,469,546,109,207,500,504,103,451,320,463,134,643,128,106,592,623,388,512,139,228,93,50,375,258,333,264,640,572,227,667,40,611,76,551,192,242,126,283,67,144,557,644,191,111,257,125,280,584,26,68,43,61,112,603,262,474,289,175,100,391,559,577,638,263,57,13,122,360,439,194,75
323,439,385,248,312,445,218,576,503,172,271,483,130,345,189,315,527,487,573,204,356,80,386,429,234,552,338,468,423,118,230,579,602,536,574,109,389,524,124,381,410,458,152,340,120,515,572,2,3,567,422,512,256,110,37,448,470,104,301,555,484,414,374,127,436,408,210,587,70,543,396,481,469,394,296,95,74,580,224,604,266,117,479,392,171,241,21,290,607,52,597,544,175,69,371,252,190,181,633,116,632,207,398,213,125,507,198,177,229,87,421,79,636,275,352,85,91,491,32,137,328,139,82,251,623,645,35,81,346,443,384,259,450,192,55,553,206,235,194,161,335,29,405,140,313,332,300,578,478,153,498,568,641,504,209,530,376,4,560,57,220,150,169,245,626,612,185,514,452,370,565,265,311,431,364,341,44,426,22,97,233,50,217,505,455,545,424,25,584,349,295,72,590,310,506,378,419,359,101,96,15,540,521,558,253,267,31,34,176,365,413,246,6,304,173,121,84,257,30,178,88,51,393,228,62,577,166,622,56,447,551,298,383,255,541,212,242,119,274,605,163,250,581,599,400,129,330,638,379,237,333,629,526,459,165,550,373,225,203,532,497,12,277,586,513,280,492,283,103,596,635,650,648,390,112,39,184,502,387,537,254,270,180,362,570,494,548,305,9,64,331,488,132,591,630,316,411,183,11,10
